key,product,fraction,category,unit,cost_pp_byn,cost_bp_byn,cost_retail_byn,sheet_header,note
АОРТА / Обычное,АОРТА,Обычное,chew,шт,1.1,1.1,0,АОРТА шт.,
АОРТА / ПОЛОВИНКА,АОРТА,ПОЛОВИНКА,chew,шт,0.55,0.55,0,АОРТА ПОЛОВИНКАшт.,
БЫЧИЙ КОРЕНЬ / БОЛ,БЫЧИЙ КОРЕНЬ,БОЛ,chew,шт,5.0,5.0,0,БЫЧИЙ КОРЕНЬ БОЛЬШОЙ ШТ.,
БЫЧИЙ КОРЕНЬ / МАЛ,БЫЧИЙ КОРЕНЬ,МАЛ,chew,шт,1.3,1.3,0,БЫЧИЙ КОРЕНЬ МАЛЕНЬКИЙ ШТ.,
БЫЧИЙ КОРЕНЬ / ОГР,БЫЧИЙ КОРЕНЬ,ОГР,chew,шт,7.5,7.5,0,БЫЧИЙ КОРЕНЬ ОГРОМНЫЙ ШТ.,
БЫЧИЙ КОРЕНЬ / ОЧ МАЛ,БЫЧИЙ КОРЕНЬ,ОЧ МАЛ,chew,шт,0.75,0.75,0,БЫЧИЙ КОРЕНЬ ОЧЕНЬ МАЛЕНЬКИЙ ШТ.,
БЫЧИЙ КОРЕНЬ / СРЕД,БЫЧИЙ КОРЕНЬ,СРЕД,chew,шт,2.5,2.5,0,БЫЧИЙ КОРЕНЬ СРЕДНИЙ ШТ.,
ГУБЫ шт. / Обычное,ГУБЫ шт.,Обычное,chew,шт,0,0,0,ГУБЫ шт.,ZERO — нет в прайсе / заполнить
КОЛЕНИ шт. / Обычное,КОЛЕНИ шт.,Обычное,chew,шт,1.17,1.17,0,КОЛЕНИ шт.,
КОПЫТО шт. / Обычное,КОПЫТО шт.,Обычное,chew,шт,7.0,7.0,0,КОПЫТО шт.,
ЛОП ХРЯЩ шт. / Обычное,ЛОП ХРЯЩ шт.,Обычное,chew,шт,0.8,0.8,0,ЛОП ХРЯЩ шт.,
НОСЫ шт. / Обычное,НОСЫ шт.,Обычное,chew,шт,1.5,1.5,0,НОСЫ шт.,
ПЕРЕПЁЛКИ шт. / Обычное,ПЕРЕПЁЛКИ шт.,Обычное,chew,шт,1.0,1.0,0,ПЕРЕПЁЛКИ                 шт.,
СТАНОВАЯ ЖИЛА / Большое,СТАНОВАЯ ЖИЛА,Большое,chew,шт,2.0,2.0,0,СТАНОВАЯ ЖИЛА БОЛЬШАЯ шт.,
СТАНОВАЯ ЖИЛА / ПАЛК,СТАНОВАЯ ЖИЛА,ПАЛК,chew,шт,0.25,0.25,0,СТАНОВЫЕ ПАЛОЧКИ шт.,
СТАНОВАЯ ЖИЛА / Среднее,СТАНОВАЯ ЖИЛА,Среднее,chew,шт,1.0,1.0,0,СТАНОВАЯ ЖИЛА СРЕДНЯЯ шт.,
ТРАХЕЯ / Большое,ТРАХЕЯ,Большое,chew,шт,3.5,3.5,0,ТРАХЕЯ БОЛЬШАЯ шт.,
ТРАХЕЯ / ОГР,ТРАХЕЯ,ОГР,chew,шт,5.25,5.25,0,ТРАХЕЯ ОГРОМНАЯ шт.,
ТРАХЕЯ / Обычное,ТРАХЕЯ,Обычное,chew,шт,0.88,0.88,0,ТРАХЕЯ МАЛЕНЬКАЯ шт.,
ТРАХЕЯ / ПЛАСТ,ТРАХЕЯ,ПЛАСТ,chew,шт,1.75,1.75,0,ТРАХЕЯ ПЛАСТИНКИ шт.,
ТРАХЕЯ / Среднее,ТРАХЕЯ,Среднее,chew,шт,1.75,1.75,0,ТРАХЕЯ СРЕДНЯЯ шт.,
УТИНЫЕ ШЕИ шт. / Обычное,УТИНЫЕ ШЕИ шт.,Обычное,chew,шт,1.0,1.0,0,УТИНЫЕ  ШЕИ             шт.,
УХО Г / Обычное,УХО Г,Обычное,chew,шт,1.17,1.17,0,УХО Г шт.,
УХО Г / ПОЛОВИНКА,УХО Г,ПОЛОВИНКА,chew,шт,0.59,0.59,0,УХО Г ПОЛОВИНКО шт.,
БАРАНЬЕ ЛЁГКОЕ / Мелкое,БАРАНЬЕ ЛЁГКОЕ,Мелкое,dressura,100г,2.77,2.77,0,БАРАНЬЕ ЛЁГКОЕ МЕЛКОЕ,
БАРАНЬЕ ЛЁГКОЕ / Среднее,БАРАНЬЕ ЛЁГКОЕ,Среднее,dressura,100г,2.77,2.77,0,БАРАНЬЕ ЛЁГКОЕ СРЕДНЕЕ,
БАРАНЬЕ ЛЁГКОЕ / Целое,БАРАНЬЕ ЛЁГКОЕ,Целое,dressura,100г,2.77,2.77,0,БАРАНЬЕ ЛЁГКОЕ ЦЕЛОЕ,
ИНДЕЙКА,ИНДЕЙКА,,dressura,100г,7.0,7.0,0,ИНДЕЙКА,
ЛЁГКОЕ / Мелкое,ЛЁГКОЕ,Мелкое,dressura,100г,1.75,1.75,0,ЛЁГКОЕ МЕЛКИЙ КУБИК,
ЛЁГКОЕ / Среднее,ЛЁГКОЕ,Среднее,dressura,100г,1.75,1.75,0,ЛЁГКОЕ БОЛЬШОЙ КУБИК,
ЛЁГКОЕ / Целое,ЛЁГКОЕ,Целое,dressura,100г,1.75,1.75,0,ЛЁГКОЕ ЦЕЛОЕ,
ПОЧКИ / Мелкое,ПОЧКИ,Мелкое,dressura,100г,2.53,2.53,0,ПОЧКИ МЕЛКОЕ,
ПОЧКИ / Целое,ПОЧКИ,Целое,dressura,100г,2.53,2.53,0,ПОЧКИ ЦЕЛОЕ,
РУБЕЦ Т / Крупное,РУБЕЦ Т,Крупное,dressura,100г,1.77,1.77,0,РУБЕЦ Т КРУПНЫЙ,
РУБЕЦ Т / Мелкое,РУБЕЦ Т,Мелкое,dressura,100г,1.77,1.77,0,РУБЕЦ Т МЕЛКОЕ,
РУБЕЦ Т / Среднее,РУБЕЦ Т,Среднее,dressura,100г,1.77,1.77,0,РУБЕЦ Т СРЕДНЕЕ,
РУБЕЦ Т / Целое,РУБЕЦ Т,Целое,dressura,100г,1.77,1.77,0,РУБЕЦ Т ЦЕЛОЕ,
СЕРДЦЕ / Мелкое,СЕРДЦЕ,Мелкое,dressura,100г,3.75,3.75,0,СЕРДЦЕ МЕЛКОЕ,
СЕРДЦЕ / Целое,СЕРДЦЕ,Целое,dressura,100г,3.75,3.75,0,СЕРДЦЕ ЦЕЛОЕ,
ВЫМЯ,ВЫМЯ,,other,100г,2.7,2.7,0,ВЫМЯ ,
КНИЖКА,КНИЖКА,,other,100г,0,0,0,КНИЖКА,ZERO — нет в прайсе / заполнить
ПЕЧЕНЬ,ПЕЧЕНЬ,,other,100г,3.5,3.5,0,ПЕЧЕНЬ,
ПИКАЛЬНОЕ МЯСО,ПИКАЛЬНОЕ МЯСО,,other,100г,4.0,4.0,0,ПИКАЛЬНОЕ МЯСО,
СВЕТЛЫЙ РУБЕЦ,СВЕТЛЫЙ РУБЕЦ,,other,100г,1.85,1.85,0,РУБЕЦ С,
СЕМЕННИКИ,СЕМЕННИКИ,,other,100г,3.3,3.3,0,СЕМЕННИКИ,
КРОШКА ЛЁГКОГО,КРОШКА ЛЁГКОГО,,powder,пак,2.0,2.0,0,КРОШКА ЛЁГКОГО/20г,
КРОШКА ПОЧЕК,КРОШКА ПОЧЕК,,powder,пак,3.0,3.0,0,КРОШКА ПОЧЕК,
КРОШКА РУБЕЦ,КРОШКА РУБЕЦ,,powder,пак,3.44,3.44,0,КРОШКА РУБЕЦ,
БАНАНЫ,БАНАНЫ,,veg,100г,3.3,3.3,0,БАНАНЫ,
БАТАТ,БАТАТ,,veg,100г,3.5,3.5,0,БАТАТ,
ГРУШИ,ГРУШИ,,veg,100г,7.5,7.5,0,ГРУШЫ,
КАБАЧОК,КАБАЧОК,,veg,100г,0,0,0,КАБАЧКИ,ZERO — нет в прайсе / заполнить
КЛУБНИКА,КЛУБНИКА,,veg,100г,13.75,13.75,0,КЛУБНИКА,
МОРКОВЬ,МОРКОВЬ,,veg,100г,0.8,0.8,0,МОРКОВЬ,
СВЕКЛА,СВЕКЛА,,veg,100г,0.6,0.6,0,СВЕКЛА,
ТЫКВА,ТЫКВА,,veg,100г,1.67,1.67,0,ТЫКВА,
ЯБЛОКИ,ЯБЛОКИ,,veg,100г,3.3,3.3,0,ЯБЛОКИ,
