sheet,mode,header,product,fraction,category,unit,cost_byn,key
Подписка,pp,ЛЁГКОЕ МЕЛКИЙ КУБИК,ЛЁГКОЕ,Мелкое,dressura,100г,1.75,ЛЁГКОЕ / Мелкое
Подписка,pp,ЛЁГКОЕ СРЕДНИЙ КУБИК,ЛЁГКОЕ,Среднее,dressura,100г,1.75,ЛЁГКОЕ / Среднее
Подписка,pp,ЛЁГКОЕ БОЛЬШОЙ КУБИК,ЛЁГКОЕ,Большое,dressura,100г,1.75,ЛЁГКОЕ / Большое
Подписка,pp,ЛЁГКОЕ ЦЕЛОЕ,ЛЁГКОЕ,Целое,dressura,100г,1.75,ЛЁГКОЕ / Целое
Подписка,pp,СЕРДЦЕ МЕЛКОЕ,СЕРДЦЕ,Мелкое,dressura,100г,3.75,СЕРДЦЕ / Мелкое
Подписка,pp,СЕРДЦЕ ЦЕЛОЕ,СЕРДЦЕ,Целое,dressura,100г,3.75,СЕРДЦЕ / Целое
Подписка,pp,ПОЧКИ МЕЛКОЕ,ПОЧКИ,Мелкое,dressura,100г,2.53,ПОЧКИ / Мелкое
Подписка,pp,ПОЧКИ ЦЕЛОЕ,ПОЧКИ,Целое,dressura,100г,2.53,ПОЧКИ / Целое
Подписка,pp,РУБЕЦ Т МЕЛКОЕ,РУБЕЦ Т,Мелкое,dressura,100г,1.77,РУБЕЦ Т / Мелкое
Подписка,pp,РУБЕЦ Т СРЕДНЕЕ,РУБЕЦ Т,Среднее,dressura,100г,1.77,РУБЕЦ Т / Среднее
Подписка,pp,РУБЕЦ Т КРУПНЫЙ,РУБЕЦ Т,Крупное,dressura,100г,1.77,РУБЕЦ Т / Крупное
Подписка,pp,РУБЕЦ Т ЦЕЛОЕ,РУБЕЦ Т,Целое,dressura,100г,1.77,РУБЕЦ Т / Целое
Подписка,pp,ПЕЧЕНЬ,ПЕЧЕНЬ,,other,100г,3.5,ПЕЧЕНЬ
Подписка,pp,РУБЕЦ С,СВЕТЛЫЙ РУБЕЦ,,other,100г,1.85,СВЕТЛЫЙ РУБЕЦ
Подписка,pp,ИНДЕЙКА,ИНДЕЙКА,,dressura,100г,7.0,ИНДЕЙКА
Подписка,pp,ПЕРЕПЁЛКИ                 шт.,ПЕРЕПЁЛКИ шт.,,chew,шт,1.0,ПЕРЕПЁЛКИ шт.
Подписка,pp,БАРАНЬЕ ЛЁГКОЕ МЕЛКОЕ,БАРАНЬЕ ЛЁГКОЕ,Мелкое,dressura,100г,2.77,БАРАНЬЕ ЛЁГКОЕ / Мелкое
Подписка,pp,БАРАНЬЕ ЛЁГКОЕ СРЕДНЕЕ,БАРАНЬЕ ЛЁГКОЕ,Среднее,dressura,100г,2.77,БАРАНЬЕ ЛЁГКОЕ / Среднее
Подписка,pp,БАРАНЬЕ ЛЁГКОЕ ЦЕЛОЕ,БАРАНЬЕ ЛЁГКОЕ,Целое,dressura,100г,2.77,БАРАНЬЕ ЛЁГКОЕ / Целое
Подписка,pp,КРОШКА ЛЁГКОГО/20г,ЛЁГКОЕ,,dressura,100г,2.0,ЛЁГКОЕ
Подписка,pp,КРОШКА ПОЧЕК,КРОШКА ПОЧЕК,,other,100г,3.0,КРОШКА ПОЧЕК
Подписка,pp,КРОШКА РУБЕЦ,КРОШКА РУБЕЦ,,other,100г,3.44,КРОШКА РУБЕЦ
Подписка,pp,УХО Г ПОЛОВИНКО шт.,УХО Г,ПОЛОВИНКА,chew,шт,0.59,УХО Г / ПОЛОВИНКА
Подписка,pp,УХО Г шт.,УХО Г,Обычное,chew,шт,1.17,УХО Г / Обычное
Подписка,pp,КОЛЕНИ шт.,КОЛЕНИ шт.,,chew,шт,1.17,КОЛЕНИ шт.
Подписка,pp,БЫЧИЙ КОРЕНЬ ОЧЕНЬ МАЛЕНЬКИЙ ШТ.,БЫЧИЙ КОРЕНЬ,ОЧ МАЛ,chew,шт,0.75,БЫЧИЙ КОРЕНЬ / ОЧ МАЛ
Подписка,pp,БЫЧИЙ КОРЕНЬ МАЛЕНЬКИЙ ШТ.,БЫЧИЙ КОРЕНЬ,МАЛ,chew,шт,1.3,БЫЧИЙ КОРЕНЬ / МАЛ
Подписка,pp,БЫЧИЙ КОРЕНЬ СРЕДНИЙ ШТ.,БЫЧИЙ КОРЕНЬ,СРЕД,chew,шт,2.5,БЫЧИЙ КОРЕНЬ / СРЕД
Подписка,pp,БЫЧИЙ КОРЕНЬ БОЛЬШОЙ ШТ.,БЫЧИЙ КОРЕНЬ,БОЛ,chew,шт,5.0,БЫЧИЙ КОРЕНЬ / БОЛ
Подписка,pp,БЫЧИЙ КОРЕНЬ ОГРОМНЫЙ ШТ.,БЫЧИЙ КОРЕНЬ,ОГР,chew,шт,7.5,БЫЧИЙ КОРЕНЬ / ОГР
Подписка,pp,ЛОП ХРЯЩ шт.,ЛОП ХРЯЩ шт.,,chew,шт,0.8,ЛОП ХРЯЩ шт.
Подписка,pp,ТРАХЕЯ ПЛАСТИНКИ шт.,ТРАХЕЯ,ПЛАСТ,chew,шт,1.75,ТРАХЕЯ / ПЛАСТ
Подписка,pp,ТРАХЕЯ МАЛЕНЬКАЯ шт.,ТРАХЕЯ,МАЛ,chew,шт,0.88,ТРАХЕЯ / МАЛ
Подписка,pp,ТРАХЕЯ СРЕДНЯЯ шт.,ТРАХЕЯ,СРЕД,chew,шт,1.75,ТРАХЕЯ / СРЕД
Подписка,pp,ТРАХЕЯ БОЛЬШАЯ шт.,ТРАХЕЯ,БОЛ,chew,шт,3.5,ТРАХЕЯ / БОЛ
Подписка,pp,ТРАХЕЯ ОГРОМНАЯ шт.,ТРАХЕЯ,ОГР,chew,шт,5.25,ТРАХЕЯ / ОГР
Подписка,pp,КОПЫТО шт.,КОПЫТО шт.,,chew,шт,7.0,КОПЫТО шт.
Подписка,pp,СТАНОВЫЕ ПАЛОЧКИ шт.,СТАНОВАЯ ЖИЛА,ПАЛК,chew,шт,0.25,СТАНОВАЯ ЖИЛА / ПАЛК
Подписка,pp,СТАНОВАЯ ЖИЛА СРЕДНЯЯ шт.,СТАНОВАЯ ЖИЛА,СРЕД,chew,шт,1.0,СТАНОВАЯ ЖИЛА / СРЕД
Подписка,pp,СТАНОВАЯ ЖИЛА БОЛЬШАЯ шт.,СТАНОВАЯ ЖИЛА,БОЛ,chew,шт,2.0,СТАНОВАЯ ЖИЛА / БОЛ
Подписка,pp,АОРТА ПОЛОВИНКАшт.,АОРТА,ПОЛОВИНКА,chew,шт,0.55,АОРТА / ПОЛОВИНКА
Подписка,pp,АОРТА шт.,АОРТА,Обычная,chew,шт,1.1,АОРТА / Обычная
Подписка,pp,УТИНЫЕ  ШЕИ             шт.,УТИНЫЕ ШЕИ шт.,,chew,шт,1.0,УТИНЫЕ ШЕИ шт.
Подписка,pp,ГУБЫ шт.,ГУБЫ шт.,,chew,шт,0,ГУБЫ шт.
Подписка,pp,НОСЫ шт.,НОСЫ шт.,,chew,шт,1.5,НОСЫ шт.
Подписка,pp,КНИЖКА,КНИЖКА,,other,100г,0,КНИЖКА
Подписка,pp,ВЫМЯ ,ВЫМЯ,,other,100г,2.7,ВЫМЯ
Подписка,pp,СЕМЕННИКИ,СЕМЕННИКИ,,other,100г,3.3,СЕМЕННИКИ
Подписка,pp,ПИКАЛЬНОЕ МЯСО,ПИКАЛЬНОЕ МЯСО,,other,100г,4.0,ПИКАЛЬНОЕ МЯСО
Подписка,pp,БАНАНЫ,БАНАНЫ,,other,100г,3.3,БАНАНЫ
Подписка,pp,ЯБЛОКИ,ЯБЛОКИ,,other,100г,3.3,ЯБЛОКИ
Подписка,pp,ГРУШЫ,ГРУШИ,,other,100г,7.5,ГРУШИ
Подписка,pp,КЛУБНИКА,КЛУБНИКА,,other,100г,13.75,КЛУБНИКА
Подписка,pp,МОРКОВЬ,МОРКОВЬ,,other,100г,0.8,МОРКОВЬ
Подписка,pp,КАБАЧКИ,КАБАЧОК,,other,100г,0,КАБАЧОК
Подписка,pp,ТЫКВА,ТЫКВА,,other,100г,1.67,ТЫКВА
Подписка,pp,СВЕКЛА,СВЕКЛА,,other,100г,0.6,СВЕКЛА
Подписка,pp,БАТАТ,БАТАТ,,other,100г,3.5,БАТАТ
Розница,retail,ЛЁГКОЕ МЕЛКИЙ КУБИК,ЛЁГКОЕ,Мелкое,dressura,100г,0,ЛЁГКОЕ / Мелкое
Розница,retail,ЛЁГКОЕ СРЕДНИЙ КУБИК,ЛЁГКОЕ,Среднее,dressura,100г,0,ЛЁГКОЕ / Среднее
Розница,retail,ЛЁГКОЕ БОЛЬШОЙ КУБИК,ЛЁГКОЕ,Большое,dressura,100г,0,ЛЁГКОЕ / Большое
Розница,retail,ЛЁГКОЕ ЦЕЛОЕ,ЛЁГКОЕ,Целое,dressura,100г,0,ЛЁГКОЕ / Целое
Розница,retail,СЕРДЦЕ МЕЛКОЕ,СЕРДЦЕ,Мелкое,dressura,100г,0,СЕРДЦЕ / Мелкое
Розница,retail,СЕРДЦЕ ЦЕЛОЕ,СЕРДЦЕ,Целое,dressura,100г,0,СЕРДЦЕ / Целое
Розница,retail,ПОЧКИ МЕЛКОЕ,ПОЧКИ,Мелкое,dressura,100г,0,ПОЧКИ / Мелкое
Розница,retail,ПОЧКИ ЦЕЛОЕ,ПОЧКИ,Целое,dressura,100г,0,ПОЧКИ / Целое
Розница,retail,РУБЕЦ Т МЕЛКОЕ,РУБЕЦ Т,Мелкое,dressura,100г,0,РУБЕЦ Т / Мелкое
Розница,retail,РУБЕЦ Т СРЕДНЕЕ,РУБЕЦ Т,Среднее,dressura,100г,0,РУБЕЦ Т / Среднее
Розница,retail,РУБЕЦ Т КРУПНЫЙ,РУБЕЦ Т,Крупное,dressura,100г,0,РУБЕЦ Т / Крупное
Розница,retail,РУБЕЦ Т ЦЕЛОЕ,РУБЕЦ Т,Целое,dressura,100г,0,РУБЕЦ Т / Целое
Розница,retail,ПЕЧЕНЬ,ПЕЧЕНЬ,,other,100г,0,ПЕЧЕНЬ
Розница,retail,РУБЕЦ С,СВЕТЛЫЙ РУБЕЦ,,other,100г,0,СВЕТЛЫЙ РУБЕЦ
Розница,retail,ИНДЕЙКА,ИНДЕЙКА,,dressura,100г,0,ИНДЕЙКА
Розница,retail,ПЕРЕПЁЛКИ                 шт.,ПЕРЕПЁЛКИ шт.,,chew,шт,0,ПЕРЕПЁЛКИ шт.
Розница,retail,БАРАНЬЕ ЛЁГКОЕ МЕЛКОЕ,БАРАНЬЕ ЛЁГКОЕ,Мелкое,dressura,100г,0,БАРАНЬЕ ЛЁГКОЕ / Мелкое
Розница,retail,БАРАНЬЕ ЛЁГКОЕ СРЕДНЕЕ,БАРАНЬЕ ЛЁГКОЕ,Среднее,dressura,100г,0,БАРАНЬЕ ЛЁГКОЕ / Среднее
Розница,retail,БАРАНЬЕ ЛЁГКОЕ ЦЕЛОЕ,БАРАНЬЕ ЛЁГКОЕ,Целое,dressura,100г,0,БАРАНЬЕ ЛЁГКОЕ / Целое
Розница,retail,КРОШКА ЛЁГКОГО/20г,ЛЁГКОЕ,,dressura,100г,0,ЛЁГКОЕ
Розница,retail,КРОШКА ПОЧЕК,КРОШКА ПОЧЕК,,other,100г,0,КРОШКА ПОЧЕК
Розница,retail,КРОШКА РУБЕЦ,КРОШКА РУБЕЦ,,other,100г,0,КРОШКА РУБЕЦ
Розница,retail,УХО Г ПОЛОВИНКО шт.,УХО Г,ПОЛОВИНКА,chew,шт,0,УХО Г / ПОЛОВИНКА
Розница,retail,УХО Г шт.,УХО Г,Обычное,chew,шт,0,УХО Г / Обычное
Розница,retail,КОЛЕНИ шт.,КОЛЕНИ шт.,,chew,шт,0,КОЛЕНИ шт.
Розница,retail,БЫЧИЙ КОРЕНЬ ОЧЕНЬ МАЛЕНЬКИЙ ШТ.,БЫЧИЙ КОРЕНЬ,ОЧ МАЛ,chew,шт,0,БЫЧИЙ КОРЕНЬ / ОЧ МАЛ
Розница,retail,БЫЧИЙ КОРЕНЬ МАЛЕНЬКИЙ ШТ.,БЫЧИЙ КОРЕНЬ,МАЛ,chew,шт,0,БЫЧИЙ КОРЕНЬ / МАЛ
Розница,retail,БЫЧИЙ КОРЕНЬ СРЕДНИЙ ШТ.,БЫЧИЙ КОРЕНЬ,СРЕД,chew,шт,0,БЫЧИЙ КОРЕНЬ / СРЕД
Розница,retail,БЫЧИЙ КОРЕНЬ БОЛЬШОЙ ШТ.,БЫЧИЙ КОРЕНЬ,БОЛ,chew,шт,0,БЫЧИЙ КОРЕНЬ / БОЛ
Розница,retail,БЫЧИЙ КОРЕНЬ ОГРОМНЫЙ ШТ.,БЫЧИЙ КОРЕНЬ,ОГР,chew,шт,0,БЫЧИЙ КОРЕНЬ / ОГР
Розница,retail,ЛОП ХРЯЩ шт.,ЛОП ХРЯЩ шт.,,chew,шт,0,ЛОП ХРЯЩ шт.
Розница,retail,ТРАХЕЯ ПЛАСТИНКИ шт.,ТРАХЕЯ,ПЛАСТ,chew,шт,0,ТРАХЕЯ / ПЛАСТ
Розница,retail,ТРАХЕЯ МАЛЕНЬКАЯ шт.,ТРАХЕЯ,МАЛ,chew,шт,0,ТРАХЕЯ / МАЛ
Розница,retail,ТРАХЕЯ СРЕДНЯЯ шт.,ТРАХЕЯ,СРЕД,chew,шт,0,ТРАХЕЯ / СРЕД
Розница,retail,ТРАХЕЯ БОЛЬШАЯ шт.,ТРАХЕЯ,БОЛ,chew,шт,0,ТРАХЕЯ / БОЛ
Розница,retail,ТРАХЕЯ ОГРОМНАЯ шт.,ТРАХЕЯ,ОГР,chew,шт,0,ТРАХЕЯ / ОГР
Розница,retail,КОПЫТО шт.,КОПЫТО шт.,,chew,шт,0,КОПЫТО шт.
Розница,retail,СТАНОВЫЕ ПАЛОЧКИ шт.,СТАНОВАЯ ЖИЛА,ПАЛК,chew,шт,0,СТАНОВАЯ ЖИЛА / ПАЛК
Розница,retail,СТАНОВАЯ ЖИЛА СРЕДНЯЯ шт.,СТАНОВАЯ ЖИЛА,СРЕД,chew,шт,0,СТАНОВАЯ ЖИЛА / СРЕД
Розница,retail,СТАНОВАЯ ЖИЛА БОЛЬШАЯ шт.,СТАНОВАЯ ЖИЛА,БОЛ,chew,шт,0,СТАНОВАЯ ЖИЛА / БОЛ
Розница,retail,АОРТА ПОЛОВИНКАшт.,АОРТА,ПОЛОВИНКА,chew,шт,0,АОРТА / ПОЛОВИНКА
Розница,retail,АОРТА шт.,АОРТА,Обычная,chew,шт,0,АОРТА / Обычная
Розница,retail,УТИНЫЕ  ШЕИ             шт.,УТИНЫЕ ШЕИ шт.,,chew,шт,0,УТИНЫЕ ШЕИ шт.
Розница,retail,ГУБЫ шт.,ГУБЫ шт.,,chew,шт,0,ГУБЫ шт.
Розница,retail,НОСЫ шт.,НОСЫ шт.,,chew,шт,0,НОСЫ шт.
Розница,retail,КНИЖКА,КНИЖКА,,other,100г,0,КНИЖКА
Розница,retail,ВЫМЯ ,ВЫМЯ,,other,100г,0,ВЫМЯ
Розница,retail,СЕМЕННИКИ,СЕМЕННИКИ,,other,100г,0,СЕМЕННИКИ
Розница,retail,ПИКАЛЬНОЕ МЯСО,ПИКАЛЬНОЕ МЯСО,,other,100г,0,ПИКАЛЬНОЕ МЯСО
Розница,retail,БАНАНЫ,БАНАНЫ,,other,100г,0,БАНАНЫ
Розница,retail,ЯБЛОКИ,ЯБЛОКИ,,other,100г,0,ЯБЛОКИ
Розница,retail,ГРУШЫ,ГРУШИ,,other,100г,0,ГРУШИ
Розница,retail,КЛУБНИКА,КЛУБНИКА,,other,100г,0,КЛУБНИКА
Розница,retail,МОРКОВЬ,МОРКОВЬ,,other,100г,0,МОРКОВЬ
Розница,retail,КАБАЧКИ,КАБАЧОК,,other,100г,0,КАБАЧОК
Розница,retail,ТЫКВА,ТЫКВА,,other,100г,0,ТЫКВА
Розница,retail,СВЕКЛА,СВЕКЛА,,other,100г,0,СВЕКЛА
Розница,retail,БАТАТ,БАТАТ,,other,100г,0,БАТАТ
БП,bp,ЛЁГКОЕ МЕЛКИЙ КУБИК,ЛЁГКОЕ,Мелкое,dressura,100г,1.75,ЛЁГКОЕ / Мелкое
БП,bp,ЛЁГКОЕ СРЕДНИЙ КУБИК,ЛЁГКОЕ,Среднее,dressura,100г,1.75,ЛЁГКОЕ / Среднее
БП,bp,ЛЁГКОЕ БОЛЬШОЙ КУБИК,ЛЁГКОЕ,Большое,dressura,100г,1.75,ЛЁГКОЕ / Большое
БП,bp,ЛЁГКОЕ ЦЕЛОЕ,ЛЁГКОЕ,Целое,dressura,100г,1.75,ЛЁГКОЕ / Целое
БП,bp,СЕРДЦЕ МЕЛКОЕ,СЕРДЦЕ,Мелкое,dressura,100г,3.75,СЕРДЦЕ / Мелкое
БП,bp,СЕРДЦЕ ЦЕЛОЕ,СЕРДЦЕ,Целое,dressura,100г,3.75,СЕРДЦЕ / Целое
БП,bp,ПОЧКИ МЕЛКОЕ,ПОЧКИ,Мелкое,dressura,100г,2.53,ПОЧКИ / Мелкое
БП,bp,ПОЧКИ ЦЕЛОЕ,ПОЧКИ,Целое,dressura,100г,2.53,ПОЧКИ / Целое
БП,bp,РУБЕЦ Т МЕЛКОЕ,РУБЕЦ Т,Мелкое,dressura,100г,1.77,РУБЕЦ Т / Мелкое
БП,bp,РУБЕЦ Т СРЕДНЕЕ,РУБЕЦ Т,Среднее,dressura,100г,1.77,РУБЕЦ Т / Среднее
БП,bp,РУБЕЦ Т КРУПНЫЙ,РУБЕЦ Т,Крупное,dressura,100г,1.77,РУБЕЦ Т / Крупное
БП,bp,РУБЕЦ Т ЦЕЛОЕ,РУБЕЦ Т,Целое,dressura,100г,1.77,РУБЕЦ Т / Целое
БП,bp,ПЕЧЕНЬ,ПЕЧЕНЬ,,other,100г,3.5,ПЕЧЕНЬ
БП,bp,РУБЕЦ С,СВЕТЛЫЙ РУБЕЦ,,other,100г,1.85,СВЕТЛЫЙ РУБЕЦ
БП,bp,ИНДЕЙКА,ИНДЕЙКА,,dressura,100г,7.0,ИНДЕЙКА
БП,bp,ПЕРЕПЁЛКИ                 шт.,ПЕРЕПЁЛКИ шт.,,chew,шт,1.0,ПЕРЕПЁЛКИ шт.
БП,bp,БАРАНЬЕ ЛЁГКОЕ МЕЛКОЕ,БАРАНЬЕ ЛЁГКОЕ,Мелкое,dressura,100г,2.77,БАРАНЬЕ ЛЁГКОЕ / Мелкое
БП,bp,БАРАНЬЕ ЛЁГКОЕ СРЕДНЕЕ,БАРАНЬЕ ЛЁГКОЕ,Среднее,dressura,100г,2.77,БАРАНЬЕ ЛЁГКОЕ / Среднее
БП,bp,БАРАНЬЕ ЛЁГКОЕ ЦЕЛОЕ,БАРАНЬЕ ЛЁГКОЕ,Целое,dressura,100г,2.77,БАРАНЬЕ ЛЁГКОЕ / Целое
БП,bp,КРОШКА ЛЁГКОГО/20г,ЛЁГКОЕ,,dressura,100г,2.0,ЛЁГКОЕ
БП,bp,КРОШКА ПОЧЕК,КРОШКА ПОЧЕК,,other,100г,3.0,КРОШКА ПОЧЕК
БП,bp,КРОШКА РУБЕЦ,КРОШКА РУБЕЦ,,other,100г,3.44,КРОШКА РУБЕЦ
БП,bp,УХО Г ПОЛОВИНКО шт.,УХО Г,ПОЛОВИНКА,chew,шт,0.59,УХО Г / ПОЛОВИНКА
БП,bp,УХО Г шт.,УХО Г,Обычное,chew,шт,1.17,УХО Г / Обычное
БП,bp,КОЛЕНИ шт.,КОЛЕНИ шт.,,chew,шт,1.17,КОЛЕНИ шт.
БП,bp,БЫЧИЙ КОРЕНЬ ОЧЕНЬ МАЛЕНЬКИЙ ШТ.,БЫЧИЙ КОРЕНЬ,ОЧ МАЛ,chew,шт,0.75,БЫЧИЙ КОРЕНЬ / ОЧ МАЛ
БП,bp,БЫЧИЙ КОРЕНЬ МАЛЕНЬКИЙ ШТ.,БЫЧИЙ КОРЕНЬ,МАЛ,chew,шт,1.3,БЫЧИЙ КОРЕНЬ / МАЛ
БП,bp,БЫЧИЙ КОРЕНЬ СРЕДНИЙ ШТ.,БЫЧИЙ КОРЕНЬ,СРЕД,chew,шт,2.5,БЫЧИЙ КОРЕНЬ / СРЕД
БП,bp,БЫЧИЙ КОРЕНЬ БОЛЬШОЙ ШТ.,БЫЧИЙ КОРЕНЬ,БОЛ,chew,шт,5.0,БЫЧИЙ КОРЕНЬ / БОЛ
БП,bp,БЫЧИЙ КОРЕНЬ ОГРОМНЫЙ ШТ.,БЫЧИЙ КОРЕНЬ,ОГР,chew,шт,7.5,БЫЧИЙ КОРЕНЬ / ОГР
БП,bp,ЛОП ХРЯЩ шт.,ЛОП ХРЯЩ шт.,,chew,шт,0.8,ЛОП ХРЯЩ шт.
БП,bp,ТРАХЕЯ ПЛАСТИНКИ шт.,ТРАХЕЯ,ПЛАСТ,chew,шт,1.75,ТРАХЕЯ / ПЛАСТ
БП,bp,ТРАХЕЯ МАЛЕНЬКАЯ шт.,ТРАХЕЯ,МАЛ,chew,шт,0.88,ТРАХЕЯ / МАЛ
БП,bp,ТРАХЕЯ СРЕДНЯЯ шт.,ТРАХЕЯ,СРЕД,chew,шт,1.75,ТРАХЕЯ / СРЕД
БП,bp,ТРАХЕЯ БОЛЬШАЯ шт.,ТРАХЕЯ,БОЛ,chew,шт,3.5,ТРАХЕЯ / БОЛ
БП,bp,ТРАХЕЯ ОГРОМНАЯ шт.,ТРАХЕЯ,ОГР,chew,шт,5.25,ТРАХЕЯ / ОГР
БП,bp,КОПЫТО шт.,КОПЫТО шт.,,chew,шт,7.0,КОПЫТО шт.
БП,bp,СТАНОВЫЕ ПАЛОЧКИ шт.,СТАНОВАЯ ЖИЛА,ПАЛК,chew,шт,0.25,СТАНОВАЯ ЖИЛА / ПАЛК
БП,bp,СТАНОВАЯ ЖИЛА СРЕДНЯЯ шт.,СТАНОВАЯ ЖИЛА,СРЕД,chew,шт,1.0,СТАНОВАЯ ЖИЛА / СРЕД
БП,bp,СТАНОВАЯ ЖИЛА БОЛЬШАЯ шт.,СТАНОВАЯ ЖИЛА,БОЛ,chew,шт,2.0,СТАНОВАЯ ЖИЛА / БОЛ
БП,bp,АОРТА ПОЛОВИНКАшт.,АОРТА,ПОЛОВИНКА,chew,шт,0.55,АОРТА / ПОЛОВИНКА
БП,bp,АОРТА шт.,АОРТА,Обычная,chew,шт,1.1,АОРТА / Обычная
БП,bp,УТИНЫЕ  ШЕИ             шт.,УТИНЫЕ ШЕИ шт.,,chew,шт,1.0,УТИНЫЕ ШЕИ шт.
БП,bp,ГУБЫ шт.,ГУБЫ шт.,,chew,шт,0,ГУБЫ шт.
БП,bp,НОСЫ шт.,НОСЫ шт.,,chew,шт,1.5,НОСЫ шт.
БП,bp,КНИЖКА,КНИЖКА,,other,100г,0,КНИЖКА
БП,bp,ВЫМЯ ,ВЫМЯ,,other,100г,2.7,ВЫМЯ
БП,bp,СЕМЕННИКИ,СЕМЕННИКИ,,other,100г,3.3,СЕМЕННИКИ
БП,bp,ПИКАЛЬНОЕ МЯСО,ПИКАЛЬНОЕ МЯСО,,other,100г,4.0,ПИКАЛЬНОЕ МЯСО
БП,bp,БАНАНЫ,БАНАНЫ,,other,100г,3.3,БАНАНЫ
БП,bp,ЯБЛОКИ,ЯБЛОКИ,,other,100г,3.3,ЯБЛОКИ
БП,bp,ГРУШЫ,ГРУШИ,,other,100г,7.5,ГРУШИ
БП,bp,КЛУБНИКА,КЛУБНИКА,,other,100г,13.75,КЛУБНИКА
БП,bp,МОРКОВЬ,МОРКОВЬ,,other,100г,0.8,МОРКОВЬ
БП,bp,КАБАЧКИ,КАБАЧОК,,other,100г,0,КАБАЧОК
БП,bp,ТЫКВА,ТЫКВА,,other,100г,1.67,ТЫКВА
БП,bp,СВЕКЛА,СВЕКЛА,,other,100г,0.6,СВЕКЛА
БП,bp,БАТАТ,БАТАТ,,other,100г,3.5,БАТАТ
