key,unit,price_byn,packs,source
ЛЁГКОЕ|Мелкое,100г,12.0,,"code_RETAIL_PRICE_BYN_ (витрина IG, цена продажи)"
ЛЁГКОЕ|Среднее,100г,10.0,,"code_RETAIL_PRICE_BYN_ (витрина IG, цена продажи)"
ЛЁГКОЕ|Большое,100г,9.0,,"code_RETAIL_PRICE_BYN_ (витрина IG, цена продажи)"
ЛЁГКОЕ|Целое,100г,8.0,,"code_RETAIL_PRICE_BYN_ (витрина IG, цена продажи)"
ЛЁГКОЕ,100г,10.0,,"code_RETAIL_PRICE_BYN_ (витрина IG, цена продажи)"
СЕРДЦЕ|Мелкое,100г,13.0,,"code_RETAIL_PRICE_BYN_ (витрина IG, цена продажи)"
СЕРДЦЕ|Среднее,100г,12.0,,"code_RETAIL_PRICE_BYN_ (витрина IG, цена продажи)"
СЕРДЦЕ|Большое,100г,11.0,,"code_RETAIL_PRICE_BYN_ (витрина IG, цена продажи)"
СЕРДЦЕ|Целое,100г,10.0,,"code_RETAIL_PRICE_BYN_ (витрина IG, цена продажи)"
СЕРДЦЕ,100г,12.0,,"code_RETAIL_PRICE_BYN_ (витрина IG, цена продажи)"
РУБЕЦ Т|Мелкое,100г,13.0,,"code_RETAIL_PRICE_BYN_ (витрина IG, цена продажи)"
РУБЕЦ Т|Среднее,100г,12.0,,"code_RETAIL_PRICE_BYN_ (витрина IG, цена продажи)"
РУБЕЦ Т|Крупное,100г,11.0,,"code_RETAIL_PRICE_BYN_ (витрина IG, цена продажи)"
РУБЕЦ Т|Целое,100г,10.0,,"code_RETAIL_PRICE_BYN_ (витрина IG, цена продажи)"
РУБЕЦ Т,100г,12.0,,"code_RETAIL_PRICE_BYN_ (витрина IG, цена продажи)"
ПОЧКИ|Мелкое,100г,11.0,,"code_RETAIL_PRICE_BYN_ (витрина IG, цена продажи)"
ПОЧКИ|Целое,100г,10.0,,"code_RETAIL_PRICE_BYN_ (витрина IG, цена продажи)"
ПОЧКИ,100г,10.0,,"code_RETAIL_PRICE_BYN_ (витрина IG, цена продажи)"
БАРАНЬЕ ЛЁГКОЕ|Мелкое,100г,15.0,,"code_RETAIL_PRICE_BYN_ (витрина IG, цена продажи)"
БАРАНЬЕ ЛЁГКОЕ|Среднее,100г,14.0,,"code_RETAIL_PRICE_BYN_ (витрина IG, цена продажи)"
БАРАНЬЕ ЛЁГКОЕ|Большое,100г,13.0,,"code_RETAIL_PRICE_BYN_ (витрина IG, цена продажи)"
БАРАНЬЕ ЛЁГКОЕ|Целое,100г,12.0,,"code_RETAIL_PRICE_BYN_ (витрина IG, цена продажи)"
БАРАНЬЕ ЛЁГКОЕ,100г,14.0,,"code_RETAIL_PRICE_BYN_ (витрина IG, цена продажи)"
ПЕЧЕНЬ,100г,9.0,,"code_RETAIL_PRICE_BYN_ (витрина IG, цена продажи)"
СВЕТЛЫЙ РУБЕЦ,100г,9.0,,"code_RETAIL_PRICE_BYN_ (витрина IG, цена продажи)"
КНИЖКА,100г,9.0,,"code_RETAIL_PRICE_BYN_ (витрина IG, цена продажи)"
ВЫМЯ,100г,9.0,,"code_RETAIL_PRICE_BYN_ (витрина IG, цена продажи)"
СЕМЕННИКИ,100г,12.0,,"code_RETAIL_PRICE_BYN_ (витрина IG, цена продажи)"
МЯСНЫЕ ЛОМТИКИ,100г,13.0,,"code_RETAIL_PRICE_BYN_ (витрина IG, цена продажи)"
ПИКАЛЬНОЕ МЯСО,100г,10.0,,"code_RETAIL_PRICE_BYN_ (витрина IG, цена продажи)"
ИНДЕЙКА|Мелкое,100г,17.0,,"code_RETAIL_PRICE_BYN_ (витрина IG, цена продажи)"
ИНДЕЙКА|Среднее,100г,16.0,,"code_RETAIL_PRICE_BYN_ (витрина IG, цена продажи)"
ИНДЕЙКА|Целое,100г,15.0,,"code_RETAIL_PRICE_BYN_ (витрина IG, цена продажи)"
ИНДЕЙКА,100г,16.0,,"code_RETAIL_PRICE_BYN_ (витрина IG, цена продажи)"
БАРАНЬЯ ПЕЧЕНЬ|Мелкое,100г,18.0,,"code_RETAIL_PRICE_BYN_ (витрина IG, цена продажи)"
БАРАНЬЯ ПЕЧЕНЬ|Среднее,100г,17.0,,"code_RETAIL_PRICE_BYN_ (витрина IG, цена продажи)"
БАРАНЬЯ ПЕЧЕНЬ|Целое,100г,16.0,,"code_RETAIL_PRICE_BYN_ (витрина IG, цена продажи)"
БАРАНЬЯ ПЕЧЕНЬ,100г,17.0,,"code_RETAIL_PRICE_BYN_ (витрина IG, цена продажи)"
КРОШКА ЛЁГКОГО,пакеты,," packs: { ""20"": 5, ""50"": 7, ""100"": 10 ","code_RETAIL_PRICE_BYN_ (витрина IG, цена продажи)"
КРОШКА ПОЧЕК,пакеты,," packs: { ""20"": 5, ""50"": 7, ""100"": 10 ","code_RETAIL_PRICE_BYN_ (витрина IG, цена продажи)"
КРОШКА СЕРДЦА,пакеты,," packs: { ""20"": 7, ""50"": 9, ""100"": 12 ","code_RETAIL_PRICE_BYN_ (витрина IG, цена продажи)"
КРОШКА РУБЕЦ,пакеты,," packs: { ""20"": 7, ""50"": 9, ""100"": 12 ","code_RETAIL_PRICE_BYN_ (витрина IG, цена продажи)"
КРОШКА МИКС,пакеты,," packs: { ""20"": 6, ""50"": 8, ""100"": 11 ","code_RETAIL_PRICE_BYN_ (витрина IG, цена продажи)"
БАНАНЫ,100г,10.0,,"code_RETAIL_PRICE_BYN_ (витрина IG, цена продажи)"
ЯБЛОКИ,100г,9.0,,"code_RETAIL_PRICE_BYN_ (витрина IG, цена продажи)"
ГРУШИ,100г,10.0,,"code_RETAIL_PRICE_BYN_ (витрина IG, цена продажи)"
КЛУБНИКА,100г,10.0,,"code_RETAIL_PRICE_BYN_ (витрина IG, цена продажи)"
МОРКОВЬ,100г,10.0,,"code_RETAIL_PRICE_BYN_ (витрина IG, цена продажи)"
ТЫКВА,100г,12.0,,"code_RETAIL_PRICE_BYN_ (витрина IG, цена продажи)"
БАТАТ,100г,11.0,,"code_RETAIL_PRICE_BYN_ (витрина IG, цена продажи)"
КАБАЧОК,100г,12.0,,"code_RETAIL_PRICE_BYN_ (витрина IG, цена продажи)"
СВЕКЛА,100г,10.0,,"code_RETAIL_PRICE_BYN_ (витрина IG, цена продажи)"
КОПЫТО шт.,шт,9.0,,"code_RETAIL_PRICE_BYN_ (витрина IG, цена продажи)"
КОЛЕНИ шт.,шт,6.0,,"code_RETAIL_PRICE_BYN_ (витрина IG, цена продажи)"
НОСЫ шт.,шт,7.0,,"code_RETAIL_PRICE_BYN_ (витрина IG, цена продажи)"
ЛОП ХРЯЩ шт.,шт,4.0,,"code_RETAIL_PRICE_BYN_ (витрина IG, цена продажи)"
УТИНЫЕ ШЕИ шт.,шт,3.0,,"code_RETAIL_PRICE_BYN_ (витрина IG, цена продажи)"
ПЕРЕПЁЛКИ шт.,шт,4.0,,"code_RETAIL_PRICE_BYN_ (витрина IG, цена продажи)"
ГУБЫ шт.,шт,4.0,,"code_RETAIL_PRICE_BYN_ (витрина IG, цена продажи)"
ТРАХЕЯ|МАЛ,шт,4.0,,"code_RETAIL_PRICE_BYN_ (витрина IG, цена продажи)"
ТРАХЕЯ|СРЕД,шт,7.0,,"code_RETAIL_PRICE_BYN_ (витрина IG, цена продажи)"
ТРАХЕЯ|БОЛ,шт,12.0,,"code_RETAIL_PRICE_BYN_ (витрина IG, цена продажи)"
ТРАХЕЯ|ПЛАСТ,шт,7.0,,"code_RETAIL_PRICE_BYN_ (витрина IG, цена продажи)"
ТРАХЕЯ|ОГР,шт,12.0,,"code_RETAIL_PRICE_BYN_ (витрина IG, цена продажи)"
ТРАХЕЯ,шт,7.0,,"code_RETAIL_PRICE_BYN_ (витрина IG, цена продажи)"
БЫЧИЙ КОРЕНЬ|ОЧ МАЛ,шт,6.0,,"code_RETAIL_PRICE_BYN_ (витрина IG, цена продажи)"
БЫЧИЙ КОРЕНЬ|МАЛ,шт,6.0,,"code_RETAIL_PRICE_BYN_ (витрина IG, цена продажи)"
БЫЧИЙ КОРЕНЬ|СРЕД,шт,11.0,,"code_RETAIL_PRICE_BYN_ (витрина IG, цена продажи)"
БЫЧИЙ КОРЕНЬ|БОЛ,шт,21.0,,"code_RETAIL_PRICE_BYN_ (витрина IG, цена продажи)"
БЫЧИЙ КОРЕНЬ|ОГР,шт,25.0,,"code_RETAIL_PRICE_BYN_ (витрина IG, цена продажи)"
БЫЧИЙ КОРЕНЬ,шт,11.0,,"code_RETAIL_PRICE_BYN_ (витрина IG, цена продажи)"
УХО Г|ПОЛОВИНКА,шт,4.0,,"code_RETAIL_PRICE_BYN_ (витрина IG, цена продажи)"
УХО Г|Обычное,шт,6.0,,"code_RETAIL_PRICE_BYN_ (витрина IG, цена продажи)"
УХО Г,шт,6.0,,"code_RETAIL_PRICE_BYN_ (витрина IG, цена продажи)"
АОРТА|ПОЛОВИНКА,шт,2.0,,"code_RETAIL_PRICE_BYN_ (витрина IG, цена продажи)"
АОРТА|Обычная,шт,4.0,,"code_RETAIL_PRICE_BYN_ (витрина IG, цена продажи)"
АОРТА,шт,4.0,,"code_RETAIL_PRICE_BYN_ (витрина IG, цена продажи)"
СТАНОВАЯ ЖИЛА|ПАЛК,шт,1.0,,"code_RETAIL_PRICE_BYN_ (витрина IG, цена продажи)"
СТАНОВАЯ ЖИЛА|СРЕД,шт,4.0,,"code_RETAIL_PRICE_BYN_ (витрина IG, цена продажи)"
СТАНОВАЯ ЖИЛА|БОЛ,шт,6.0,,"code_RETAIL_PRICE_BYN_ (витрина IG, цена продажи)"
СТАНОВАЯ ЖИЛА,шт,4.0,,"code_RETAIL_PRICE_BYN_ (витрина IG, цена продажи)"
